{
  "id": "102019ac49f11007d7c89337179bd1adf1d",
  "version": "102019b11cfa3a378f586276c85196669dd",
  "schema": {
    "name": "educational_content",
    "description": "Stores educational materials for users.",
    "fields": [
      {
        "name": "id",
        "description": "Unique identifier for the educational content.",
        "type": 1,
        "compliance": {
          "confidentiality": 1,
          "reason": "Public identifier."
        }
      },
      {
        "name": "title",
        "description": "Title of the content.",
        "type": 1,
        "compliance": {
          "confidentiality": 1,
          "reason": "Public content data."
        }
      },
      {
        "name": "description",
        "description": "Description of the content.",
        "type": 1,
        "compliance": {
          "confidentiality": 1,
          "reason": "Public content data."
        },
        "nullable": true
      },
      {
        "name": "content_type",
        "description": "The type of media content.",
        "type": 100,
        "compliance": {
          "confidentiality": 1,
          "reason": "Public classification."
        },
        "enumeration": [
          {
            "value": "Unspecified"
          },
          {
            "number": 1,
            "value": "Article"
          },
          {
            "number": 2,
            "value": "Video"
          }
        ]
      },
      {
        "name": "content_url",
        "description": "URL to the full content.",
        "type": 1,
        "compliance": {
          "confidentiality": 1,
          "reason": "Public content data."
        }
      },
      {
        "name": "category",
        "description": "The category of the educational content.",
        "type": 100,
        "compliance": {
          "confidentiality": 1,
          "reason": "Public classification."
        },
        "enumeration": [
          {
            "value": "Unspecified"
          },
          {
            "number": 1,
            "value": "Basics"
          },
          {
            "number": 2,
            "value": "Fundamentals"
          },
          {
            "number": 3,
            "value": "HYBE"
          },
          {
            "number": 4,
            "value": "KPOP"
          },
          {
            "number": 5,
            "value": "Strategies"
          }
        ]
      },
      {
        "name": "difficulty",
        "description": "The difficulty level of the content.",
        "type": 100,
        "compliance": {
          "confidentiality": 1,
          "reason": "Public classification."
        },
        "enumeration": [
          {
            "value": "Unspecified"
          },
          {
            "number": 1,
            "value": "Beginner"
          },
          {
            "number": 2,
            "value": "Intermediate"
          },
          {
            "number": 3,
            "value": "Advanced"
          }
        ]
      },
      {
        "name": "data_creator",
        "description": "id of the user who creates the record",
        "type": 1,
        "compliance": {
          "confidentiality": 2,
          "reason": "Internal audit trail."
        }
      },
      {
        "name": "data_updater",
        "description": "id of the user who updates the record",
        "type": 1,
        "compliance": {
          "confidentiality": 2,
          "reason": "Internal audit trail."
        }
      },
      {
        "name": "create_time",
        "description": "create time in timestamp unix",
        "type": 1,
        "compliance": {
          "confidentiality": 1,
          "reason": "Standard timestamping."
        },
        "format": "timestamp"
      },
      {
        "name": "update_time",
        "description": "update time in timestamp unix",
        "type": 1,
        "compliance": {
          "confidentiality": 1,
          "reason": "Standard timestamping."
        },
        "format": "timestamp"
      }
    ],
    "indexes": [
      {
        "fields": [
          "id"
        ],
        "unique": true,
        "primary": true,
        "order": false
      },
      {
        "fields": [
          "category",
          "difficulty"
        ],
        "order": false
      },
      {
        "fields": [
          "data_creator"
        ],
        "order": false
      },
      {
        "fields": [
          "data_updater"
        ],
        "order": false
      }
    ]
  },
  "task": {
    "id": "693bdaebf3e1deef7a9703e2",
    "root": "69281530eba4976d6c38ab7a",
    "project": "69281530eba4976d6c38ab79",
    "user": "88e1e320-f0c1-7017-5338-314d797229dc"
  },
  "namespace": {
    "id": "01987547fc6c72ecb453bd2736bd4ea0",
    "tenant": 2,
    "name": "global-1",
    "default": true
  },
  "revision": 1
}