{
  "id": "102019ac49f11007af69b45c1df926cc23d",
  "version": "102019b11cfa3a378f586276c85196669dd",
  "schema": {
    "name": "notification",
    "description": "Stores notifications sent to users.",
    "fields": [
      {
        "name": "id",
        "description": "Unique identifier for the notification.",
        "type": 1,
        "compliance": {
          "confidentiality": 2,
          "reason": "Internal identifier."
        }
      },
      {
        "name": "user_id",
        "description": "Foreign key referencing the user who receives the notification.",
        "type": 1,
        "compliance": {
          "confidentiality": 4,
          "reason": "Links to PII."
        }
      },
      {
        "name": "type",
        "description": "The type of notification.",
        "type": 100,
        "compliance": {
          "confidentiality": 2,
          "reason": "Internal classification."
        },
        "enumeration": [
          {
            "value": "Unspecified"
          },
          {
            "number": 1,
            "value": "OrderExecuted"
          },
          {
            "number": 2,
            "value": "PriceAlert"
          },
          {
            "number": 3,
            "value": "Content"
          },
          {
            "number": 4,
            "value": "Announcement"
          }
        ]
      },
      {
        "name": "title",
        "description": "The title of the notification.",
        "type": 1,
        "compliance": {
          "confidentiality": 2,
          "reason": "Communication content."
        }
      },
      {
        "name": "message",
        "description": "The main content of the notification message.",
        "type": 1,
        "compliance": {
          "confidentiality": 2,
          "reason": "Communication content."
        }
      },
      {
        "name": "is_read",
        "description": "Flag indicating if the user has read the notification.",
        "type": 3,
        "compliance": {
          "confidentiality": 2,
          "reason": "User activity data."
        }
      },
      {
        "name": "data_creator",
        "description": "id of the user who creates the record",
        "type": 1,
        "compliance": {
          "confidentiality": 2,
          "reason": "Internal audit trail."
        }
      },
      {
        "name": "data_updater",
        "description": "id of the user who updates the record",
        "type": 1,
        "compliance": {
          "confidentiality": 2,
          "reason": "Internal audit trail."
        }
      },
      {
        "name": "create_time",
        "description": "create time in timestamp unix",
        "type": 1,
        "compliance": {
          "confidentiality": 1,
          "reason": "Standard timestamping."
        },
        "format": "timestamp"
      },
      {
        "name": "update_time",
        "description": "update time in timestamp unix",
        "type": 1,
        "compliance": {
          "confidentiality": 1,
          "reason": "Standard timestamping."
        },
        "format": "timestamp"
      }
    ],
    "indexes": [
      {
        "fields": [
          "id"
        ],
        "unique": true,
        "primary": true,
        "order": false
      },
      {
        "fields": [
          "create_time",
          "is_read",
          "user_id"
        ],
        "order": true
      },
      {
        "fields": [
          "data_creator"
        ],
        "order": false
      },
      {
        "fields": [
          "data_updater"
        ],
        "order": false
      }
    ],
    "relations": [
      {
        "referencing_fields": [
          "user_id"
        ],
        "referenced_entity": {
          "name": "user"
        },
        "referenced_fields": [
          "id"
        ],
        "cascade": true
      }
    ]
  },
  "task": {
    "id": "693bdaebf3e1deef7a9703e2",
    "root": "69281530eba4976d6c38ab7a",
    "project": "69281530eba4976d6c38ab79",
    "user": "88e1e320-f0c1-7017-5338-314d797229dc"
  },
  "namespace": {
    "id": "01987547fc6c72ecb453bd2736bd4ea0",
    "tenant": 2,
    "name": "global-1",
    "default": true
  },
  "revision": 1
}