{
  "id": "102019ac49f11007292bc8d70f146a50564",
  "version": "102019b11cfa3a378f586276c85196669dd",
  "schema": {
    "name": "order",
    "description": "Stores user trade orders.",
    "fields": [
      {
        "name": "id",
        "description": "Unique identifier for the order.",
        "type": 1,
        "compliance": {
          "confidentiality": 3,
          "reason": "Internal identifier for a user's financial action."
        }
      },
      {
        "name": "user_id",
        "description": "Foreign key referencing the user who placed the order.",
        "type": 1,
        "compliance": {
          "confidentiality": 4,
          "reason": "Links to PII."
        }
      },
      {
        "name": "stock_id",
        "description": "Foreign key referencing the stock being ordered.",
        "type": 1,
        "compliance": {
          "confidentiality": 1,
          "reason": "Public identifier."
        }
      },
      {
        "name": "order_type",
        "description": "The type of order (e.g., Market, Limit).",
        "type": 100,
        "compliance": {
          "confidentiality": 3,
          "reason": "User financial action detail."
        },
        "enumeration": [
          {
            "value": "Unspecified"
          },
          {
            "number": 1,
            "value": "Market"
          },
          {
            "number": 2,
            "value": "Limit"
          },
          {
            "number": 3,
            "value": "Stop"
          }
        ]
      },
      {
        "name": "side",
        "description": "The side of the order (Buy or Sell).",
        "type": 100,
        "compliance": {
          "confidentiality": 3,
          "reason": "User financial action detail."
        },
        "enumeration": [
          {
            "value": "Unspecified"
          },
          {
            "number": 1,
            "value": "Buy"
          },
          {
            "number": 2,
            "value": "Sell"
          }
        ]
      },
      {
        "name": "quantity",
        "description": "The number of shares to be traded.",
        "type": 2,
        "compliance": {
          "confidentiality": 3,
          "reason": "User financial action detail."
        },
        "numeric": "float"
      },
      {
        "name": "price",
        "description": "The price for Limit or Stop orders.",
        "type": 2,
        "compliance": {
          "confidentiality": 3,
          "reason": "User financial action detail."
        },
        "nullable": true,
        "numeric": "float"
      },
      {
        "name": "status",
        "description": "The current status of the order.",
        "type": 100,
        "compliance": {
          "confidentiality": 3,
          "reason": "User financial action detail."
        },
        "enumeration": [
          {
            "value": "Unspecified"
          },
          {
            "number": 1,
            "value": "Pending"
          },
          {
            "number": 2,
            "value": "Executed"
          },
          {
            "number": 3,
            "value": "Cancelled"
          }
        ]
      },
      {
        "name": "executed_price",
        "description": "The price at which the order was executed.",
        "type": 2,
        "compliance": {
          "confidentiality": 3,
          "reason": "User financial action detail."
        },
        "nullable": true,
        "numeric": "float"
      },
      {
        "name": "executed_at",
        "description": "Timestamp when the order was executed in 10-digit unix string.",
        "type": 1,
        "compliance": {
          "confidentiality": 3,
          "reason": "User financial action detail."
        },
        "nullable": true,
        "format": "timestamp"
      },
      {
        "name": "data_creator",
        "description": "id of the user who creates the record",
        "type": 1,
        "compliance": {
          "confidentiality": 2,
          "reason": "Internal audit trail."
        }
      },
      {
        "name": "data_updater",
        "description": "id of the user who updates the record",
        "type": 1,
        "compliance": {
          "confidentiality": 2,
          "reason": "Internal audit trail."
        }
      },
      {
        "name": "create_time",
        "description": "create time in timestamp unix",
        "type": 1,
        "compliance": {
          "confidentiality": 1,
          "reason": "Standard timestamping."
        },
        "format": "timestamp"
      },
      {
        "name": "update_time",
        "description": "update time in timestamp unix",
        "type": 1,
        "compliance": {
          "confidentiality": 1,
          "reason": "Standard timestamping."
        },
        "format": "timestamp"
      }
    ],
    "indexes": [
      {
        "fields": [
          "id"
        ],
        "unique": true,
        "primary": true,
        "order": false
      },
      {
        "fields": [
          "status",
          "user_id"
        ],
        "order": false
      },
      {
        "fields": [
          "stock_id"
        ],
        "order": false
      },
      {
        "fields": [
          "data_creator"
        ],
        "order": false
      },
      {
        "fields": [
          "data_updater"
        ],
        "order": false
      }
    ],
    "relations": [
      {
        "referencing_fields": [
          "user_id"
        ],
        "referenced_entity": {
          "name": "user"
        },
        "referenced_fields": [
          "id"
        ],
        "cascade": true
      },
      {
        "referencing_fields": [
          "stock_id"
        ],
        "referenced_entity": {
          "name": "stock"
        },
        "referenced_fields": [
          "id"
        ],
        "cascade": true
      }
    ]
  },
  "task": {
    "id": "693bdaebf3e1deef7a9703e2",
    "root": "69281530eba4976d6c38ab7a",
    "project": "69281530eba4976d6c38ab79",
    "user": "88e1e320-f0c1-7017-5338-314d797229dc"
  },
  "namespace": {
    "id": "01987547fc6c72ecb453bd2736bd4ea0",
    "tenant": 2,
    "name": "global-1",
    "default": true
  },
  "revision": 1
}