{
  "id": "102019ac49f110071389b9d530f87c99f80",
  "version": "102019b11cfa3a378f586276c85196669dd",
  "schema": {
    "name": "portfolio",
    "description": "Represents a user's holdings for a specific stock.",
    "fields": [
      {
        "name": "id",
        "description": "Unique identifier for the portfolio holding.",
        "type": 1,
        "compliance": {
          "confidentiality": 3,
          "reason": "Internal identifier linked to user financial data."
        }
      },
      {
        "name": "user_id",
        "description": "Foreign key referencing the user who owns the portfolio.",
        "type": 1,
        "compliance": {
          "confidentiality": 4,
          "reason": "Links to PII."
        }
      },
      {
        "name": "stock_id",
        "description": "Foreign key referencing the stock being held.",
        "type": 1,
        "compliance": {
          "confidentiality": 1,
          "reason": "Public identifier."
        }
      },
      {
        "name": "shares",
        "description": "The number of shares of the stock held by the user.",
        "type": 2,
        "compliance": {
          "confidentiality": 3,
          "reason": "User financial data."
        },
        "numeric": "float"
      },
      {
        "name": "average_cost",
        "description": "The average price paid per share for the current holdings.",
        "type": 2,
        "compliance": {
          "confidentiality": 3,
          "reason": "User financial data."
        },
        "numeric": "float"
      },
      {
        "name": "data_creator",
        "description": "id of the user who creates the record",
        "type": 1,
        "compliance": {
          "confidentiality": 2,
          "reason": "Internal audit trail."
        }
      },
      {
        "name": "data_updater",
        "description": "id of the user who updates the record",
        "type": 1,
        "compliance": {
          "confidentiality": 2,
          "reason": "Internal audit trail."
        }
      },
      {
        "name": "create_time",
        "description": "create time in timestamp unix",
        "type": 1,
        "compliance": {
          "confidentiality": 1,
          "reason": "Standard timestamping."
        },
        "format": "timestamp"
      },
      {
        "name": "update_time",
        "description": "update time in timestamp unix",
        "type": 1,
        "compliance": {
          "confidentiality": 1,
          "reason": "Standard timestamping."
        },
        "format": "timestamp"
      }
    ],
    "indexes": [
      {
        "fields": [
          "id"
        ],
        "unique": true,
        "primary": true,
        "order": false
      },
      {
        "fields": [
          "stock_id",
          "user_id"
        ],
        "unique": true,
        "order": false
      },
      {
        "fields": [
          "data_creator"
        ],
        "order": false
      },
      {
        "fields": [
          "data_updater"
        ],
        "order": false
      }
    ],
    "relations": [
      {
        "referencing_fields": [
          "user_id"
        ],
        "referenced_entity": {
          "name": "user"
        },
        "referenced_fields": [
          "id"
        ],
        "cascade": true
      },
      {
        "referencing_fields": [
          "stock_id"
        ],
        "referenced_entity": {
          "name": "stock"
        },
        "referenced_fields": [
          "id"
        ],
        "cascade": true
      }
    ]
  },
  "task": {
    "id": "693bdaebf3e1deef7a9703e2",
    "root": "69281530eba4976d6c38ab7a",
    "project": "69281530eba4976d6c38ab79",
    "user": "88e1e320-f0c1-7017-5338-314d797229dc"
  },
  "namespace": {
    "id": "01987547fc6c72ecb453bd2736bd4ea0",
    "tenant": 2,
    "name": "global-1",
    "default": true
  },
  "revision": 1
}