{
  "id": "102019ac49f110078a588cb8f7d2d817c3e",
  "version": "102019b11cfa3a378f586276c85196669dd",
  "schema": {
    "name": "price_history",
    "description": "Stores historical price and volume data for each stock.",
    "fields": [
      {
        "name": "id",
        "description": "Unique identifier for the price history record.",
        "type": 1,
        "compliance": {
          "confidentiality": 1,
          "reason": "Public identifier."
        }
      },
      {
        "name": "stock_id",
        "description": "Foreign key referencing the stock.",
        "type": 1,
        "compliance": {
          "confidentiality": 1,
          "reason": "Public identifier."
        }
      },
      {
        "name": "price",
        "description": "The stock price at the recorded timestamp.",
        "type": 2,
        "compliance": {
          "confidentiality": 1,
          "reason": "Public market data."
        },
        "numeric": "float"
      },
      {
        "name": "volume",
        "description": "The trading volume at the recorded timestamp, as a string.",
        "type": 1,
        "compliance": {
          "confidentiality": 1,
          "reason": "Public market data."
        }
      },
      {
        "name": "data_creator",
        "description": "id of the user who creates the record",
        "type": 1,
        "compliance": {
          "confidentiality": 2,
          "reason": "Internal audit trail."
        }
      },
      {
        "name": "data_updater",
        "description": "id of the user who updates the record",
        "type": 1,
        "compliance": {
          "confidentiality": 2,
          "reason": "Internal audit trail."
        }
      },
      {
        "name": "create_time",
        "description": "create time in timestamp unix",
        "type": 1,
        "compliance": {
          "confidentiality": 1,
          "reason": "Standard timestamping for historical data."
        },
        "format": "timestamp"
      },
      {
        "name": "update_time",
        "description": "update time in timestamp unix",
        "type": 1,
        "compliance": {
          "confidentiality": 1,
          "reason": "Standard timestamping."
        },
        "format": "timestamp"
      }
    ],
    "indexes": [
      {
        "fields": [
          "id"
        ],
        "unique": true,
        "primary": true,
        "order": false
      },
      {
        "fields": [
          "create_time",
          "stock_id"
        ],
        "unique": true,
        "order": true
      },
      {
        "fields": [
          "data_creator"
        ],
        "order": false
      },
      {
        "fields": [
          "data_updater"
        ],
        "order": false
      }
    ],
    "relations": [
      {
        "referencing_fields": [
          "stock_id"
        ],
        "referenced_entity": {
          "name": "stock"
        },
        "referenced_fields": [
          "id"
        ],
        "cascade": true
      }
    ]
  },
  "task": {
    "id": "693bdaebf3e1deef7a9703e2",
    "root": "69281530eba4976d6c38ab7a",
    "project": "69281530eba4976d6c38ab79",
    "user": "88e1e320-f0c1-7017-5338-314d797229dc"
  },
  "namespace": {
    "id": "01987547fc6c72ecb453bd2736bd4ea0",
    "tenant": 2,
    "name": "global-1",
    "default": true
  },
  "revision": 1
}