{
  "id": "102019ac49f110076e3a5fb5f419be34c27",
  "version": "102019b11cfa3a378f586276c85196669dd",
  "schema": {
    "name": "stock",
    "description": "Stores information about tradable stocks.",
    "fields": [
      {
        "name": "id",
        "description": "Unique identifier for each stock.",
        "type": 1,
        "compliance": {
          "confidentiality": 1,
          "reason": "Public identifier."
        }
      },
      {
        "name": "symbol",
        "description": "Unique ticker symbol for the stock.",
        "type": 1,
        "compliance": {
          "confidentiality": 1,
          "reason": "Publicly available stock information."
        }
      },
      {
        "name": "company_name",
        "description": "Full name of the company.",
        "type": 1,
        "compliance": {
          "confidentiality": 1,
          "reason": "Publicly available company information."
        }
      },
      {
        "name": "current_price",
        "description": "The latest trading price of the stock.",
        "type": 2,
        "compliance": {
          "confidentiality": 1,
          "reason": "Public market data."
        },
        "numeric": "float"
      },
      {
        "name": "previous_close",
        "description": "The closing price of the stock from the previous trading day.",
        "type": 2,
        "compliance": {
          "confidentiality": 1,
          "reason": "Public market data."
        },
        "numeric": "float"
      },
      {
        "name": "day_high",
        "description": "The highest price of the stock during the current trading day.",
        "type": 2,
        "compliance": {
          "confidentiality": 1,
          "reason": "Public market data."
        },
        "numeric": "float"
      },
      {
        "name": "day_low",
        "description": "The lowest price of the stock during the current trading day.",
        "type": 2,
        "compliance": {
          "confidentiality": 1,
          "reason": "Public market data."
        },
        "numeric": "float"
      },
      {
        "name": "week_52_high",
        "description": "The highest price of the stock over the past 52 weeks.",
        "type": 2,
        "compliance": {
          "confidentiality": 1,
          "reason": "Public market data."
        },
        "numeric": "float"
      },
      {
        "name": "week_52_low",
        "description": "The lowest price of the stock over the past 52 weeks.",
        "type": 2,
        "compliance": {
          "confidentiality": 1,
          "reason": "Public market data."
        },
        "numeric": "float"
      },
      {
        "name": "market_cap",
        "description": "The total market value of the company's outstanding shares, as a string.",
        "type": 1,
        "compliance": {
          "confidentiality": 1,
          "reason": "Public market data."
        }
      },
      {
        "name": "pe_ratio",
        "description": "Price-to-Earnings ratio.",
        "type": 2,
        "compliance": {
          "confidentiality": 1,
          "reason": "Public market data."
        },
        "nullable": true,
        "numeric": "float"
      },
      {
        "name": "volume",
        "description": "The number of shares traded during the current trading day, as a string.",
        "type": 1,
        "compliance": {
          "confidentiality": 1,
          "reason": "Public market data."
        }
      },
      {
        "name": "description",
        "description": "A brief description of the company and its business.",
        "type": 1,
        "compliance": {
          "confidentiality": 1,
          "reason": "Publicly available company information."
        },
        "nullable": true
      },
      {
        "name": "sector",
        "description": "The industrial sector the company belongs to.",
        "type": 1,
        "compliance": {
          "confidentiality": 1,
          "reason": "Publicly available company information."
        },
        "nullable": true
      },
      {
        "name": "is_featured",
        "description": "Flag to indicate if the stock should be featured on the platform.",
        "type": 3,
        "compliance": {
          "confidentiality": 2,
          "reason": "Internal marketing data."
        }
      },
      {
        "name": "data_creator",
        "description": "id of the user who creates the record",
        "type": 1,
        "compliance": {
          "confidentiality": 2,
          "reason": "Internal audit trail."
        }
      },
      {
        "name": "data_updater",
        "description": "id of the user who updates the record",
        "type": 1,
        "compliance": {
          "confidentiality": 2,
          "reason": "Internal audit trail."
        }
      },
      {
        "name": "create_time",
        "description": "create time in timestamp unix",
        "type": 1,
        "compliance": {
          "confidentiality": 1,
          "reason": "Standard timestamping."
        },
        "format": "timestamp"
      },
      {
        "name": "update_time",
        "description": "update time in timestamp unix",
        "type": 1,
        "compliance": {
          "confidentiality": 1,
          "reason": "Standard timestamping."
        },
        "format": "timestamp"
      }
    ],
    "indexes": [
      {
        "fields": [
          "id"
        ],
        "unique": true,
        "primary": true,
        "order": false
      },
      {
        "fields": [
          "symbol"
        ],
        "unique": true,
        "order": false
      },
      {
        "fields": [
          "sector"
        ],
        "order": false
      },
      {
        "fields": [
          "is_featured"
        ],
        "order": false
      },
      {
        "fields": [
          "data_creator"
        ],
        "order": false
      },
      {
        "fields": [
          "data_updater"
        ],
        "order": false
      }
    ]
  },
  "task": {
    "id": "693bdaebf3e1deef7a9703e2",
    "root": "69281530eba4976d6c38ab7a",
    "project": "69281530eba4976d6c38ab79",
    "user": "88e1e320-f0c1-7017-5338-314d797229dc"
  },
  "namespace": {
    "id": "01987547fc6c72ecb453bd2736bd4ea0",
    "tenant": 2,
    "name": "global-1",
    "default": true
  },
  "revision": 1
}