{
  "id": "102019ac49f1100799c8729e1443925eac1",
  "version": "102019b11cfa3a378f586276c85196669dd",
  "schema": {
    "name": "transaction",
    "description": "Logs all financial transactions for a user (trades, deposits, withdrawals).",
    "fields": [
      {
        "name": "id",
        "description": "Unique identifier for the transaction.",
        "type": 1,
        "compliance": {
          "confidentiality": 3,
          "reason": "Internal identifier for a user's financial action."
        }
      },
      {
        "name": "user_id",
        "description": "Foreign key referencing the user.",
        "type": 1,
        "compliance": {
          "confidentiality": 4,
          "reason": "Links to PII."
        }
      },
      {
        "name": "order_id",
        "description": "Foreign key referencing the order that generated this transaction (if applicable).",
        "type": 1,
        "compliance": {
          "confidentiality": 3,
          "reason": "Links to a specific user financial action."
        },
        "nullable": true
      },
      {
        "name": "type",
        "description": "The type of transaction.",
        "type": 100,
        "compliance": {
          "confidentiality": 3,
          "reason": "User financial action detail."
        },
        "enumeration": [
          {
            "value": "Unspecified"
          },
          {
            "number": 1,
            "value": "Buy"
          },
          {
            "number": 2,
            "value": "Sell"
          },
          {
            "number": 3,
            "value": "Deposit"
          },
          {
            "number": 4,
            "value": "Withdrawal"
          }
        ]
      },
      {
        "name": "amount",
        "description": "The amount of money involved in the transaction.",
        "type": 2,
        "compliance": {
          "confidentiality": 3,
          "reason": "User financial data."
        },
        "numeric": "float"
      },
      {
        "name": "balance_after",
        "description": "The user's virtual balance after the transaction was completed.",
        "type": 2,
        "compliance": {
          "confidentiality": 3,
          "reason": "User financial data."
        },
        "numeric": "float"
      },
      {
        "name": "data_creator",
        "description": "id of the user who creates the record",
        "type": 1,
        "compliance": {
          "confidentiality": 2,
          "reason": "Internal audit trail."
        }
      },
      {
        "name": "data_updater",
        "description": "id of the user who updates the record",
        "type": 1,
        "compliance": {
          "confidentiality": 2,
          "reason": "Internal audit trail."
        }
      },
      {
        "name": "create_time",
        "description": "create time in timestamp unix",
        "type": 1,
        "compliance": {
          "confidentiality": 1,
          "reason": "Standard timestamping."
        },
        "format": "timestamp"
      },
      {
        "name": "update_time",
        "description": "update time in timestamp unix",
        "type": 1,
        "compliance": {
          "confidentiality": 1,
          "reason": "Standard timestamping."
        },
        "format": "timestamp"
      }
    ],
    "indexes": [
      {
        "fields": [
          "id"
        ],
        "unique": true,
        "primary": true,
        "order": false
      },
      {
        "fields": [
          "create_time",
          "user_id"
        ],
        "order": true
      },
      {
        "fields": [
          "order_id"
        ],
        "order": false
      },
      {
        "fields": [
          "data_creator"
        ],
        "order": false
      },
      {
        "fields": [
          "data_updater"
        ],
        "order": false
      }
    ],
    "relations": [
      {
        "referencing_fields": [
          "user_id"
        ],
        "referenced_entity": {
          "name": "user"
        },
        "referenced_fields": [
          "id"
        ],
        "cascade": true
      },
      {
        "referencing_fields": [
          "order_id"
        ],
        "referenced_entity": {
          "name": "order"
        },
        "referenced_fields": [
          "id"
        ]
      }
    ]
  },
  "task": {
    "id": "693bdaebf3e1deef7a9703e2",
    "root": "69281530eba4976d6c38ab7a",
    "project": "69281530eba4976d6c38ab79",
    "user": "88e1e320-f0c1-7017-5338-314d797229dc"
  },
  "namespace": {
    "id": "01987547fc6c72ecb453bd2736bd4ea0",
    "tenant": 2,
    "name": "global-1",
    "default": true
  },
  "revision": 1
}