{
  "id": "102019ac49f10ff7e5885d02b0fb6ddaf9a",
  "version": "102019b11cfa3a378f586276c85196669dd",
  "schema": {
    "name": "user",
    "description": "Stores user account information for the HYBE paper trading platform.",
    "fields": [
      {
        "name": "id",
        "description": "Unique identifier for each user.",
        "type": 1,
        "compliance": {
          "confidentiality": 4,
          "reason": "User identifier, PII."
        }
      },
      {
        "name": "email",
        "description": "User's email address, used for login.",
        "type": 1,
        "compliance": {
          "confidentiality": 4,
          "reason": "Personal Identifiable Information (PII)."
        },
        "format": "email"
      },
      {
        "name": "password_hash",
        "description": "Hashed password for user authentication.",
        "type": 1,
        "compliance": {
          "confidentiality": 4,
          "reason": "Highly sensitive authentication credential."
        },
        "encryption": true
      },
      {
        "name": "name",
        "description": "User's full name or display name.",
        "type": 1,
        "compliance": {
          "confidentiality": 3,
          "reason": "Personal Identifiable Information (PII)."
        }
      },
      {
        "name": "risk_profile",
        "description": "User's investment risk tolerance.",
        "type": 100,
        "compliance": {
          "confidentiality": 2,
          "reason": "User preference data."
        },
        "enumeration": [
          {
            "value": "Unspecified"
          },
          {
            "number": 1,
            "value": "Conservative"
          },
          {
            "number": 2,
            "value": "Moderate"
          },
          {
            "number": 3,
            "value": "Aggressive"
          }
        ]
      },
      {
        "name": "virtual_balance",
        "description": "User's virtual cash balance for paper trading.",
        "type": 2,
        "compliance": {
          "confidentiality": 3,
          "reason": "Financial information."
        },
        "numeric": "float"
      },
      {
        "name": "loyalty_points",
        "description": "Points earned by the user for platform activity.",
        "type": 2,
        "compliance": {
          "confidentiality": 2,
          "reason": "User engagement data."
        },
        "numeric": "int"
      },
      {
        "name": "two_factor_enabled",
        "description": "Flag indicating if two-factor authentication is enabled.",
        "type": 3,
        "compliance": {
          "confidentiality": 3,
          "reason": "Security setting information."
        }
      },
      {
        "name": "onboarding_completed",
        "description": "Flag indicating if the user has completed the onboarding process.",
        "type": 3,
        "compliance": {
          "confidentiality": 2,
          "reason": "User progress tracking."
        }
      },
      {
        "name": "data_creator",
        "description": "id of the user who creates the record",
        "type": 1,
        "compliance": {
          "confidentiality": 2,
          "reason": "Internal audit trail."
        }
      },
      {
        "name": "data_updater",
        "description": "id of the user who updates the record",
        "type": 1,
        "compliance": {
          "confidentiality": 2,
          "reason": "Internal audit trail."
        }
      },
      {
        "name": "create_time",
        "description": "create time in timestamp unix",
        "type": 1,
        "compliance": {
          "confidentiality": 1,
          "reason": "Standard timestamping."
        },
        "format": "timestamp"
      },
      {
        "name": "update_time",
        "description": "update time in timestamp unix",
        "type": 1,
        "compliance": {
          "confidentiality": 1,
          "reason": "Standard timestamping."
        },
        "format": "timestamp"
      }
    ],
    "indexes": [
      {
        "fields": [
          "id"
        ],
        "unique": true,
        "primary": true,
        "order": false
      },
      {
        "fields": [
          "email"
        ],
        "unique": true,
        "order": false
      },
      {
        "fields": [
          "data_creator"
        ],
        "order": false
      },
      {
        "fields": [
          "data_updater"
        ],
        "order": false
      }
    ]
  },
  "task": {
    "id": "693bdaebf3e1deef7a9703e2",
    "root": "69281530eba4976d6c38ab7a",
    "project": "69281530eba4976d6c38ab79",
    "user": "88e1e320-f0c1-7017-5338-314d797229dc"
  },
  "namespace": {
    "id": "01987547fc6c72ecb453bd2736bd4ea0",
    "tenant": 2,
    "name": "global-1",
    "default": true
  },
  "revision": 1
}