{
  "id": "102019ac49e747278eda047c78ba860f39f",
  "version": "102019ac49e7472778c97f1c717d612fba9",
  "schema": {
    "name": "watchlist",
    "description": "Stores stocks that users are watching.",
    "fields": [
      {
        "name": "id",
        "description": "Unique identifier for the watchlist item.",
        "type": 1,
        "compliance": {
          "confidentiality": 2,
          "reason": "Internal identifier for user preferences."
        }
      },
      {
        "name": "user_id",
        "description": "Foreign key referencing the user.",
        "type": 1,
        "compliance": {
          "confidentiality": 4,
          "reason": "Links to PII."
        }
      },
      {
        "name": "stock_id",
        "description": "Foreign key referencing the stock.",
        "type": 1,
        "compliance": {
          "confidentiality": 1,
          "reason": "Public identifier."
        }
      },
      {
        "name": "position",
        "description": "The display order of the stock in the user's watchlist.",
        "type": 2,
        "compliance": {
          "confidentiality": 2,
          "reason": "User preference data."
        },
        "numeric": "int"
      },
      {
        "name": "data_creator",
        "description": "id of the user who creates the record",
        "type": 1,
        "compliance": {
          "confidentiality": 2,
          "reason": "Internal audit trail."
        }
      },
      {
        "name": "data_updater",
        "description": "id of the user who updates the record",
        "type": 1,
        "compliance": {
          "confidentiality": 2,
          "reason": "Internal audit trail."
        }
      },
      {
        "name": "create_time",
        "description": "create time in timestamp unix",
        "type": 1,
        "compliance": {
          "confidentiality": 1,
          "reason": "Standard timestamping."
        },
        "format": "timestamp"
      },
      {
        "name": "update_time",
        "description": "update time in timestamp unix",
        "type": 1,
        "compliance": {
          "confidentiality": 1,
          "reason": "Standard timestamping."
        },
        "format": "timestamp"
      }
    ],
    "indexes": [
      {
        "fields": [
          "id"
        ],
        "unique": true,
        "primary": true,
        "order": false
      },
      {
        "fields": [
          "stock_id",
          "user_id"
        ],
        "unique": true,
        "order": false
      },
      {
        "fields": [
          "position",
          "user_id"
        ],
        "order": true
      },
      {
        "fields": [
          "data_creator"
        ],
        "order": false
      },
      {
        "fields": [
          "data_updater"
        ],
        "order": false
      }
    ],
    "relations": [
      {
        "referencing_fields": [
          "user_id"
        ],
        "referenced_entity": {
          "name": "user"
        },
        "referenced_fields": [
          "id"
        ],
        "cascade": true
      },
      {
        "referencing_fields": [
          "stock_id"
        ],
        "referenced_entity": {
          "name": "stock"
        },
        "referenced_fields": [
          "id"
        ],
        "cascade": true
      }
    ]
  },
  "task": {
    "id": "69281530eba4976d6c38ab7a",
    "root": "69281530eba4976d6c38ab7a",
    "project": "69281530eba4976d6c38ab79",
    "user": "88e1e320-f0c1-7017-5338-314d797229dc"
  },
  "namespace": {
    "id": "01987547fc6c72ecb453bd2736bd4ea0",
    "tenant": 2,
    "name": "global-1",
    "default": true
  },
  "revision": 1
}